feature,value
count,15.0
finite_count,15.0
missing_count,0.0
mean,1.0073333333333332
std,1.5124222136628889
min,-3.0
max,5.0
median,1.0
p05,-0.2699999999999997
p95,2.269999999999996
trend_slope,-0.07200000000000001
rupture_count,0.0
